<?xml version="1.0" encoding="UTF-8"?><MD_Metadata xmlns:gts="http://www.isotc211.org/2005/gts" xmlns:gco="http://www.isotc211.org/2005/gco" xmlns:xalan="http://xml.apache.org/xalan" xmlns:srv="http://www.isotc211.org/2005/srv" xmlns:gmx="http://www.isotc211.org/2005/gmx" xmlns:xlink="http://www.w3.org/1999/xlink" xmlns:xsi="http://www.w3.org/2001/XMLSchema-instance" xmlns:gml="http://www.opengis.net/gml" xmlns="http://www.isotc211.org/2005/gmd">
    <fileIdentifier>
        <gco:CharacterString>23836bb9145943d485252d9665020ff1</gco:CharacterString>
    </fileIdentifier>
    <characterSet>
        <MD_CharacterSetCode codeList="http://www.isotc211.org/2005/resources/Codelist/gmxCodelists.xml#MD_CharacterSetCode" codeListValue="utf8" codeSpace="ISOTC211/19115">utf8</MD_CharacterSetCode>
    </characterSet>
    <hierarchyLevel>
        <MD_ScopeCode codeList="http://www.isotc211.org/2005/resources/Codelist/gmxCodelists.xml#MD_ScopeCode" codeListValue="dataset" codeSpace="ISOTC211/19115">dataset</MD_ScopeCode>
    </hierarchyLevel>
    <hierarchyLevelName>
        <gco:CharacterString>dataset</gco:CharacterString>
    </hierarchyLevelName>
    <contact>
        <CI_ResponsibleParty>
            <individualName>
                <gco:CharacterString>PRCR GIS</gco:CharacterString>
            </individualName>
            <organisationName>
                <gco:CharacterString>City of Raleigh Parks, Recreation and Cultural Resources</gco:CharacterString>
            </organisationName>
            <contactInfo>
                <CI_Contact>
                    <address>
                        <CI_Address>
                            <electronicMailAddress>
                                <gco:CharacterString>prcrgis@raleighnc.gov</gco:CharacterString>
                            </electronicMailAddress>
                        </CI_Address>
                    </address>
                </CI_Contact>
            </contactInfo>
            <role>
                <CI_RoleCode codeList="http://www.isotc211.org/2005/resources/Codelist/gmxCodelists.xml#CI_RoleCode" codeListValue="pointOfContact" codeSpace="ISOTC211/19115">pointOfContact</CI_RoleCode>
            </role>
        </CI_ResponsibleParty>
    </contact>
    <dateStamp>
        <gco:Date>2018-07-06</gco:Date>
    </dateStamp>
    <metadataStandardName>
        <gco:CharacterString>ISO 19139 Geographic Information - Metadata - Implementation Specification</gco:CharacterString>
    </metadataStandardName>
    <metadataStandardVersion>
        <gco:CharacterString>2007</gco:CharacterString>
    </metadataStandardVersion>
    <identificationInfo>
        <MD_DataIdentification>
            <citation>
                <CI_Citation>
                    <title>
                        <gco:CharacterString>Raleigh Greenway Trails</gco:CharacterString>
                    </title>
                    <date gco:nilReason="missing"/>
                </CI_Citation>
            </citation>
            <abstract>
                <gco:CharacterString>This dataset provides a spatial representation of Greenway trails and structures within the City of Raleigh. Each segment is represented as a  non-survey grade line feature. This dataset is suitable for cartographic representation and as an input for further analysis. For example:Style based on Material (MATERIAL) values to show which segments are paved with asphalt, concrete, some other material, or nothing. Combine with Census data to estimate the number of residents who live within 1/2 mile of a Greenway.Use FEMA floodplain boundaries to determine the number of miles of Greenway in a 100 Year flood zone.Overlay upon a digital elevation model to generate an elevation profile along a given segment of Greenway.* This dataset replaced the existing Raleigh Greenway Trails and Greenway Trail Structures datasets as of 8/21/2018. If you are using the API for the datasets that were replaced (Raleigh Greenway Trails: https://maps.raleighnc.gov/arcgis/rest/services/Parks/Greenway/MapServer/0 and Greenway Trail Structures: https://maps.raleighnc.gov/arcgis/rest/services/Parks/Greenway/MapServer/1) please change to use the API of this current dataset. API for the old datasets will no longer work after 9/21/2018.Field Information:</gco:CharacterString>
            </abstract>
            <purpose>
                <gco:CharacterString>Master inventory of City of Raleigh Greenway trails. Includes both trails and trail structures.</gco:CharacterString>
            </purpose>
            <credit>
                <gco:CharacterString>City of Raleigh Parks, Recreation and Cultural Resources</gco:CharacterString>
            </credit>
            <resourceMaintenance>
                <MD_MaintenanceInformation>
                    <maintenanceAndUpdateFrequency>
                        <MD_MaintenanceFrequencyCode codeList="http://www.isotc211.org/2005/resources/Codelist/gmxCodelists.xml#MD_MaintenanceFrequencyCode" codeListValue="asNeeded" codeSpace="ISOTC211/19115">asNeeded</MD_MaintenanceFrequencyCode>
                    </maintenanceAndUpdateFrequency>
                </MD_MaintenanceInformation>
            </resourceMaintenance>
            <descriptiveKeywords>
                <MD_Keywords>
                    <keyword>
                        <gco:CharacterString>parks</gco:CharacterString>
                    </keyword>
                    <keyword>
                        <gco:CharacterString>prcr</gco:CharacterString>
                    </keyword>
                    <keyword>
                        <gco:CharacterString>greenways</gco:CharacterString>
                    </keyword>
                    <keyword>
                        <gco:CharacterString>cag</gco:CharacterString>
                    </keyword>
                </MD_Keywords>
            </descriptiveKeywords>
            <resourceConstraints>
                <MD_Constraints>
                    <useLimitation>
                        <gco:CharacterString>Open Raleigh Data PolicyBy using data made available through this site, the user agrees to all the conditions stated in the following paragraphs as well as the terms and conditions described under the City of Raleigh Open Data Privacy Policy. THE CITY OF RALEIGH MAKES NO REPRESENTATIONS OR WARRANTY AS TO THE COMPLETENESS, ACCURACY, TIMELINESS, OR CONTENT OF ANY DATA MADE AVAILABLE THROUGH THIS SITE. THE CITY OF RALEIGH EXPRESSLY DISCLAIMS ALL WARRANTIES, WHETHER EXPRESS OR IMPLIED, INCLUDING ANY IMPLIED WARRANTIES OF MERCHANTABILITY, OR FITNESS FOR A PARTICULAR PURPOSE. While the City will take care to refrain from changes to the data format or schemas, there may be an occasional need to change the data format or schema as the data is modified and/or updates or addendums to the data are completed. It is understood that the information contained in the site is being used at one's own risk.Right to Modify and/or Discontinue FeedsThe City of Raleigh reserves the right to modify and/or discontinue providing any or all of the data feeds at any time and to require the termination of any and all displaying, distributing or otherwise using any or all of the data for any reason including, without limitation, violation of any provision of these Terms of Use.Terms of Use and Moderation DisclaimerCommunications made through data.raleighnc.gov will in no way constitute a legal or official notice to the City of Raleigh or its departments or any official or employee of the City of Raleigh for any purpose. Use of the data.raleighnc.gov website constitutes acceptance of this policy. Any information posted here may be considered a public record and may be subject to disclosure to third parties. The City reserves the right to amend these terms of service at any time and without further notice.</gco:CharacterString>
                    </useLimitation>
                </MD_Constraints>
            </resourceConstraints>
            <spatialRepresentationType>
                <MD_SpatialRepresentationTypeCode codeList="http://www.isotc211.org/2005/resources/Codelist/gmxCodelists.xml#MD_SpatialRepresentationTypeCode" codeListValue="vector" codeSpace="ISOTC211/19115">vector</MD_SpatialRepresentationTypeCode>
            </spatialRepresentationType>
            <language>
                <LanguageCode codeList="http://www.loc.gov/standards/iso639-2/php/code_list.php" codeListValue="eng" codeSpace="ISO639-2">eng</LanguageCode>
            </language>
            <characterSet>
                <MD_CharacterSetCode codeList="http://www.isotc211.org/2005/resources/Codelist/gmxCodelists.xml#MD_CharacterSetCode" codeListValue="utf8" codeSpace="ISOTC211/19115">utf8</MD_CharacterSetCode>
            </characterSet>
            <topicCategory>
                <MD_TopicCategoryCode>environment</MD_TopicCategoryCode>
            </topicCategory>
            <topicCategory>
                <MD_TopicCategoryCode>society</MD_TopicCategoryCode>
            </topicCategory>
            <topicCategory>
                <MD_TopicCategoryCode>structure</MD_TopicCategoryCode>
            </topicCategory>
            <topicCategory>
                <MD_TopicCategoryCode>transportation</MD_TopicCategoryCode>
            </topicCategory>
            <extent>
                <EX_Extent>
                    <geographicElement>
                        <EX_GeographicBoundingBox>
                            <extentTypeCode>
                                <gco:Boolean>true</gco:Boolean>
                            </extentTypeCode>
                            <westBoundLongitude>
                                <gco:Decimal>-78.8408</gco:Decimal>
                            </westBoundLongitude>
                            <eastBoundLongitude>
                                <gco:Decimal>-78.4137</gco:Decimal>
                            </eastBoundLongitude>
                            <southBoundLatitude>
                                <gco:Decimal>35.6753</gco:Decimal>
                            </southBoundLatitude>
                            <northBoundLatitude>
                                <gco:Decimal>35.9626</gco:Decimal>
                            </northBoundLatitude>
                        </EX_GeographicBoundingBox>
                    </geographicElement>
                </EX_Extent>
            </extent>
        </MD_DataIdentification>
    </identificationInfo>
    <distributionInfo>
        <MD_Distribution>
            <transferOptions>
                <MD_DigitalTransferOptions>
                    <onLine>
                        <CI_OnlineResource>
                            <linkage>
                                <URL>https://services.arcgis.com/v400IkDOw1ad7Yad/arcgis/rest/services/Greenway_Trails_All/FeatureServer</URL>
                            </linkage>
                        </CI_OnlineResource>
                    </onLine>
                </MD_DigitalTransferOptions>
            </transferOptions>
        </MD_Distribution>
    </distributionInfo>
</MD_Metadata>
